date,month,operator_name,operator_id,reward_value,month_mean,month_std,threshold,std_above_mean
2023-01-11,2023-01,Blockscape,5,71.26690714003497,13.979408675145057,15.453812797413589,44.88703426997223,3.707013875208698
2023-01-12,2023-01,Kiln,8,21.489392006010682,10.509733529330303,4.370871805638552,19.251477140607406,2.5120065206479634
2023-01-14,2023-01,Chorus One,3,40.191706647497426,10.141546558445652,6.792713667903455,23.726973894252563,4.423881464493798
2023-01-14,2023-01,Kiln,8,19.67002433832152,10.509733529330303,4.370871805638552,19.251477140607406,2.095758287208098
2023-01-17,2023-01,P2P.org,2,33.24758835113834,11.893363419218348,6.67235492323768,25.238073265693707,3.2004030327508586
2023-01-18,2023-01,Blockscape,5,50.4121507391338,13.979408675145057,15.453812797413589,44.88703426997223,2.357524485484014
2023-01-18,2023-01,Kiln,8,19.615228658710066,10.509733529330303,4.370871805638552,19.251477140607406,2.083221731104859
2023-01-24,2023-01,Attestant (BVI) Limited,29,9.132388324232334,1.2556955938268035,1.7480166437136442,4.751728881254092,4.506074217732603
2023-01-26,2023-01,Blockscape,5,53.72295320000432,13.979408675145057,15.453812797413589,44.88703426997223,2.571763036466373
2023-01-26,2023-01,Staking Facilities,0,30.216243064643248,8.960952896000228,4.564689607784675,18.090332111569577,4.656459035548442
2023-01-29,2023-01,Attestant (BVI) Limited,29,5.29608044193778,1.2556955938268035,1.7480166437136442,4.751728881254092,2.3114109711948845
2023-01-31,2023-01,P2P.org,2,26.40667088805886,11.893363419218348,6.67235492323768,25.238073265693707,2.175140206989784
2023-02-03,2023-02,P2P.org,2,19.147396657292237,10.600888827833916,3.433406801300373,17.467702430434663,2.489220859649199
2023-02-08,2023-02,Staking Facilities,0,19.555964694113012,10.53768293449772,4.111172398560871,18.760027731619463,2.193603401981432
2023-02-12,2023-02,Chorus One,3,40.169916018806106,12.741675567753633,10.598424244296494,33.93852405634662,2.587954569360902
2023-02-14,2023-02,Attestant (BVI) Limited,29,12.811187617335246,3.9169664613867723,2.3940064465351933,8.704979354457159,3.7152035111772297
2023-02-14,2023-02,Blockscape,5,30.044302330622653,13.242000170306406,7.770190960075848,28.7823820904581,2.1624053059504513
2023-02-14,2023-02,Chorus One,3,57.01711082342424,12.741675567753633,10.598424244296494,33.93852405634662,4.177548872842799
2023-02-16,2023-02,Staking Facilities,0,18.76403219912481,10.53768293449772,4.111172398560871,18.760027731619463,2.0009740451426334
2023-02-21,2023-02,Attestant (BVI) Limited,29,9.256254446188052,3.9169664613867723,2.3940064465351933,8.704979354457159,2.2302730189088438
2023-02-21,2023-02,Kiln,8,23.4968414432413,11.506635738896973,3.9660386269358257,19.438712992768625,3.023219598243802
2023-02-22,2023-02,Blockscape,5,35.09459900507113,13.242000170306406,7.770190960075848,28.7823820904581,2.812363164180384
2023-03-07,2023-03,P2P.org,2,69.71548833187468,16.16780485469423,17.60085011564145,51.369505085977124,3.0423350648042806
2023-03-11,2023-03,Attestant (BVI) Limited,29,65.56115940498776,9.568712113104812,11.707817889448565,32.98434789200194,4.782483620824426
2023-03-11,2023-03,Blockscape,5,112.81234758000478,15.406168980295845,20.325194820611905,56.056558621519656,4.792385975111477
2023-03-11,2023-03,Chorus One,3,92.1445738530988,13.549091072275985,17.998468805483874,49.54602868324373,4.366787176744497
2023-03-11,2023-03,Kiln,8,58.29956182746883,15.017715192258311,14.97667373165816,44.97106265557463,2.8899505598309188
2023-03-11,2023-03,P2P.org,2,84.14080850812873,16.16780485469423,17.60085011564145,51.369505085977124,3.8619159419480846
2023-03-12,2023-03,Kiln,8,58.53877667919451,15.017715192258311,14.97667373165816,44.97106265557463,2.9059230551934925
2023-03-13,2023-03,Chorus One,3,67.13999471759912,13.549091072275985,17.998468805483874,49.54602868324373,2.9775257120202783
2023-03-13,2023-03,Kiln,8,55.99000618122788,15.017715192258311,14.97667373165816,44.97106265557463,2.735740373535752
2023-03-20,2023-03,Staking Facilities,0,702.5381674300181,36.556077209558595,122.94981576842403,282.4557087464067,5.416698561589037
2023-04-09,2023-04,P2P.org,2,695.5562365087828,33.24637432779274,123.10407327875856,279.4545208853099,5.3800808091966745
2023-04-09,2023-04,Staking Facilities,0,114.38159171650538,16.579409372058812,20.697665934238618,57.97474124053605,4.725275915419026
2023-04-13,2023-04,Kiln,8,39.09816439371271,9.92176827009229,6.87411967241014,23.67000761491257,4.2443829194191
2023-04-18,2023-04,Attestant (BVI) Limited,29,18.598399676913157,7.255593565313196,4.138928201252663,15.533449967818523,2.7405177282773385
2023-04-19,2023-04,Attestant (BVI) Limited,29,17.35734041505232,7.255593565313196,4.138928201252663,15.533449967818523,2.440667331866687
2023-04-19,2023-04,Blockscape,5,38.12176886967897,10.298435513885348,6.869199696611307,24.036834907107963,4.0504475899163825
2023-04-19,2023-04,Chorus One,3,18.766314823194165,8.888741911518228,3.905629486780365,16.700000885078957,2.5290604101359824
2023-04-20,2023-04,Blockscape,5,25.792573075319982,10.298435513885348,6.869199696611307,24.036834907107963,2.2555957383329757
2023-04-20,2023-04,Chorus One,3,18.516298816944886,8.888741911518228,3.905629486780365,16.700000885078957,2.4650461437813465
2023-05-05,2023-05,Blockscape,5,38.13783474169927,18.004923015941873,8.57573907329845,35.15640116253877,2.347659082637383
2023-05-05,2023-05,Chorus One,3,32.97526454879149,17.761913151715135,7.533022295044972,32.82795774180508,2.0195548083115735
2023-05-05,2023-05,Staking Facilities,0,52.159122798547735,19.817541129992694,9.782683060687312,39.382907251367314,3.306003216900986
2023-05-06,2023-05,Blockscape,5,43.14908090071852,18.004923015941873,8.57573907329845,35.15640116253877,2.932010602219216
2023-05-06,2023-05,P2P.org,2,46.34813099502329,20.120596588407512,8.486763734060764,37.09412405652904,3.090404685281179
2023-05-08,2023-05,Kiln,8,42.222196647979715,19.739147231733785,9.314718314853323,38.36858386144043,2.4137122193372487
2023-05-11,2023-05,Chorus One,3,38.02724561205048,17.761913151715135,7.533022295044972,32.82795774180508,2.6901994533675224
2023-05-12,2023-05,Attestant (BVI) Limited,29,79.54522206567411,16.694201510213606,12.557496588472993,41.80919468715959,5.0050597356445925
2023-06-02,2023-06,Staking Facilities,0,22.484410968882507,8.903609924571025,3.752162920224965,16.407935765020955,3.6194593180130967
2023-06-03,2023-06,Blockscape,5,18.21804813737165,7.074370472478135,3.6464075656294024,14.367185603736939,3.0560702456665774
2023-06-06,2023-06,Chorus One,3,28.47010670649164,10.066621962187847,8.461092169956585,26.98880630210102,2.1750720089837086
2023-06-10,2023-06,Attestant (BVI) Limited,29,63.9666451776844,10.286731539519852,10.34638064810982,30.979492835739492,5.188279405510886
2023-06-10,2023-06,P2P.org,2,20.21935286519642,8.5860193139981,3.653493819622646,15.893006953243393,3.18416675257983
2023-06-14,2023-06,Kiln,8,37.04739028477311,9.227161466430125,5.943183695331346,21.113528857092817,4.681031286345246
2023-06-27,2023-06,Chorus One,3,46.740586547177124,10.066621962187847,8.461092169956585,26.98880630210102,4.334424427523694
2023-06-30,2023-06,Blockscape,5,15.334971948108466,7.074370472478135,3.6464075656294024,14.367185603736939,2.265408165969642
2023-07-13,2023-07,Kiln,8,15.731954791897293,9.243431200324657,3.079533874843202,15.402498950011061,2.1069823730719657
2023-07-18,2023-07,Attestant (BVI) Limited,29,25.117760117979472,10.34533200464721,4.680128663563676,19.70558933177456,3.156414956781086
2023-07-18,2023-07,P2P.org,2,15.431348054730485,8.834702655203202,2.7195483107706195,14.273799276744441,2.425640086407598
2023-07-20,2023-07,Blockscape,5,24.067446741235063,8.991569160384486,3.7974154772971755,16.586400114978836,3.97003637631479
2023-07-20,2023-07,P2P.org,2,18.763215604075658,8.834702655203202,2.7195483107706195,14.273799276744441,3.6507948432286104
2023-07-24,2023-07,Blockscape,5,19.066725237845795,8.991569160384486,3.7974154772971755,16.586400114978836,2.6531613771776
2023-07-28,2023-07,Attestant (BVI) Limited,29,19.788345764573112,10.34533200464721,4.680128663563676,19.70558933177456,2.0176825123298077
2023-07-30,2023-07,Chorus One,3,88.25530315135148,12.220902484985253,14.245277380917669,40.711457246820586,5.3375163314277385
2023-07-30,2023-07,Staking Facilities,0,52.32481086702443,10.963507032358372,8.216230917807476,27.395968867973323,5.034097051121275
2023-08-03,2023-08,Chorus One,3,23.956701539000036,9.562102781472559,4.882154097354393,19.326410976181343,2.948411391874709
2023-08-06,2023-08,Blockscape,5,20.382657707186166,9.795224163396202,3.2540725992748354,16.303369361945872,3.253594755737581
2023-08-15,2023-08,P2P.org,2,22.12769542859705,10.609102705191741,5.198937954538106,21.006978614267954,2.2155664914890614
2023-08-17,2023-08,Kiln,8,28.932415052703472,10.506080897270035,5.282350549584869,21.070781996439774,3.488283100954277
2023-08-17,2023-08,Staking Facilities,0,199.63389017844946,15.303818288211447,33.93804574801053,83.1799097842325,5.431369656900281
2023-08-18,2023-08,Kiln,8,22.852166217132062,10.506080897270035,5.282350549584869,21.070781996439774,2.3372332456868627
2023-08-21,2023-08,Blockscape,5,17.010977941830845,9.795224163396202,3.2540725992748354,16.303369361945872,2.217453224627705
2023-08-25,2023-08,Attestant (BVI) Limited,29,24.051317978960856,10.618158283024824,4.362387840646242,19.34293396431731,3.079313483036403
2023-08-25,2023-08,P2P.org,2,28.789271108143197,10.609102705191741,5.198937954538106,21.006978614267954,3.4969004365751566
2023-08-29,2023-08,Chorus One,3,27.19091725910105,9.562102781472559,4.882154097354393,19.326410976181343,3.6108680975845124
2023-09-09,2023-09,Staking Facilities,0,22.30055572826383,7.184655011491778,4.236525495772006,15.657706003035791,3.567994747549027
2023-09-11,2023-09,Attestant (BVI) Limited,29,12.946191973102243,6.722414662854601,2.14287469654799,11.00816405595058,2.9044056193643426
2023-09-14,2023-09,Staking Facilities,0,21.282431320537704,7.184655011491778,4.236525495772006,15.657706003035791,3.3276741337011457
2023-09-19,2023-09,P2P.org,2,28.371373895253097,7.7776686041763465,4.706671334674125,17.191011273524595,4.375428796007613
2023-09-20,2023-09,Chorus One,3,25.893458847001163,8.73758222665263,4.692229520555199,18.12204126776303,3.6562313384701173
2023-09-26,2023-09,Blockscape,5,33.03651788551997,7.97221811351535,5.29647066291782,18.565159439350992,4.732264439315656
2023-10-02,2023-10,Attestant (BVI) Limited,29,19.784318493347484,7.564666803349053,3.9021247843263134,15.36891637200168,3.1315379095720304
2023-10-02,2023-10,P2P.org,2,52.29986846177963,10.339183011167943,9.581699067029158,29.50258114522626,4.3792531112774515
2023-10-16,2023-10,Kiln,8,24.03349294049991,7.822169912288241,4.494801372507741,16.811772657303724,3.606682850852438
2023-10-16,2023-10,Staking Facilities,0,16.707085397933877,6.433218498486788,3.276128255744892,12.985475009976572,3.1359782332792476
2023-10-20,2023-10,Gateway.fm AS,35,0.16244180974765565,0.05176027935715494,0.04224231501256359,0.13624490938228212,2.6201577815416157
2023-10-21,2023-10,Chorus One,3,47.58432365513714,9.340099457051574,8.603489366975142,26.54707819100186,4.445199217062747
2023-10-23,2023-10,Staking Facilities,0,13.803581282953859,6.433218498486788,3.276128255744892,12.985475009976572,2.2497174130904942
2023-10-25,2023-10,ParaFi Technologies LLC,37,0.32769079697751646,0.11526990594468638,0.10113523741735143,0.31754038077938923,2.100364783406201
2023-10-28,2023-10,RockawayX Infra,38,0.3746962314485595,0.07358991219759334,0.09753979413147441,0.26866950046054217,3.0870099935325204
2023-10-30,2023-10,Blockscape,5,12.074233061726225,6.471422896853321,2.6232614700016854,11.717945836856693,2.1358184187675753
2023-10-31,2023-10,Kiln,8,17.242676667470864,7.822169912288241,4.494801372507741,16.811772657303724,2.0958671973366267
2023-11-09,2023-11,Kiln,8,17.61508103624536,10.066440606364072,2.8629063966341493,15.79225339963237,2.6367052861930955
2023-11-13,2023-11,Blockscape,5,25.141961032434345,8.64330320543447,3.813871183065885,16.27104557156624,4.325960955434519
2023-11-13,2023-11,Staking Facilities,0,25.336218739185867,10.034337800004199,4.95406770190708,19.94247320381836,3.088750873003042
2023-11-14,2023-11,Attestant (BVI) Limited,29,19.15725792929637,10.608978111089382,3.9798048946262496,18.568587900341882,2.1479142934241184
2023-11-21,2023-11,Chorus One,3,94.77440669939298,13.18977177881318,16.001093323947657,45.191958426708496,5.098691274956699
2023-11-22,2023-11,P2P.org,2,24.784889357312405,8.845170464614359,4.092119539846712,17.029409544307782,3.895223181406655
2023-11-23,2023-11,Gateway.fm AS,35,0.9187754235206067,0.1641099883090958,0.20777894230023963,0.579667872909575,3.632059278273844
2023-11-28,2023-11,Attestant (BVI) Limited,29,21.81642198656369,10.608978111089382,3.9798048946262496,18.568587900341882,2.816078720493864
2023-11-28,2023-11,RockawayX Infra,38,6.248566220283153,1.9695231268543956,1.98171313256504,5.932949391984476,2.159264639827137
2023-11-30,2023-11,ParaFi Technologies LLC,37,2.1128597499653727,0.8593611953905225,0.5656649014356162,1.9906909982617549,2.215973717643719
2023-11-30,2023-11,RockawayX Infra,38,8.614395407003252,1.9695231268543956,1.98171313256504,5.932949391984476,3.353094941419717
2023-12-01,2023-12,ParaFi Technologies LLC,37,5.099008267674994,2.619456938261866,1.201321952806775,5.022100843875416,2.064018994758142
2023-12-04,2023-12,Attestant (BVI) Limited,29,26.064903487905426,9.055052475023405,4.2953535899129776,17.64575965484936,3.9600583879350975
2023-12-04,2023-12,ParaFi Technologies LLC,37,5.759820447051885,2.619456938261866,1.201321952806775,5.022100843875416,2.614089837826452
2023-12-05,2023-12,ParaFi Technologies LLC,37,5.177709910832993,2.619456938261866,1.201321952806775,5.022100843875416,2.129531526993252
2023-12-08,2023-12,Chorus One,3,35.19745586793702,9.550972660931413,7.958640601288767,25.46825386350895,3.222470330278841
2023-12-11,2023-12,Kiln,8,27.770763456245273,10.650355930216303,7.671085289918221,25.992526510052745,2.2318103474262747
2023-12-11,2023-12,P2P.org,2,19.23806962697096,7.835739888721207,2.8764366620104687,13.588613212742144,3.964046867028931
2023-12-11,2023-12,RockawayX Infra,38,10.039461673365905,4.861878957799025,2.1171122897731984,9.09610353734542,2.445587199402419
2023-12-12,2023-12,Chorus One,3,39.46205659064481,9.550972660931413,7.958640601288767,25.46825386350895,3.7583157009087462
2023-12-14,2023-12,Gateway.fm AS,35,1.5442083470518115,0.37005907275204175,0.3427060905922168,1.0554712539364752,3.426111488916842
2023-12-15,2023-12,Attestant (BVI) Limited,29,18.463079000472174,9.055052475023405,4.2953535899129776,17.64575965484936,2.190279875338359
2023-12-15,2023-12,Kiln,8,31.888075631869786,10.650355930216303,7.671085289918221,25.992526510052745,2.768541725062725
2023-12-19,2023-12,Kiln,8,34.22318158533157,10.650355930216303,7.671085289918221,25.992526510052745,3.0729453218433145
2023-12-19,2023-12,RockawayX Infra,38,9.630433820705823,4.861878957799025,2.1171122897731984,9.09610353734542,2.2523863688957393
2023-12-20,2023-12,Staking Facilities,0,142.93445172191355,13.635928559532942,25.758452907179276,65.1528343738915,5.019654077374465
2023-12-21,2023-12,Blockscape,5,23.91380496247991,8.218280033754636,4.702570929613352,17.62342189298134,3.337647674782817
2023-12-28,2023-12,Blockscape,5,19.120869431324838,8.218280033754636,4.702570929613352,17.62342189298134,2.3184316750894003
2023-12-30,2023-12,RockawayX Infra,38,10.243970697781611,4.861878957799025,2.1171122897731984,9.09610353734542,2.5421852992781777
2024-01-02,2024-01,Gateway.fm AS,35,0.9776462725004581,0.32421662937551693,0.23688944363060627,0.7979955166367294,2.7583738351121596
2024-01-03,2024-01,Kiln,8,26.396744251323423,7.135161510403796,4.623463381636271,16.382088273676338,4.1660506747871855
2024-01-03,2024-01,ParaFi Technologies LLC,37,12.984698415610943,4.316805624342903,3.7786986657166284,11.874202955776159,2.293883042305036
2024-01-03,2024-01,Staking Facilities,0,23.050622433227165,5.5750774465766435,3.806459654483754,13.187996755544152,4.591023305886219
2024-01-04,2024-01,RockawayX Infra,38,12.972201912319012,4.323712927175888,2.304355094640402,8.932423116456691,3.7531060231377813
2024-01-10,2024-01,Attestant (BVI) Limited,29,11.91822972325549,6.1059441122198805,2.7049666777850465,11.515877467789974,2.1487457345666754
2024-01-10,2024-01,Blockscape,5,12.503737501326107,5.663596540231528,2.2447423759315983,10.153081292094726,3.0471830685050567
2024-01-10,2024-01,P2P.org,2,34.244506974836675,8.903473736329579,8.39390448865337,25.69128271363632,3.0189804128415267
2024-01-10,2024-01,ParaFi Technologies LLC,37,20.502428995052835,4.316805624342903,3.7786986657166284,11.874202955776159,4.283385578627593
2024-01-11,2024-01,Attestant (BVI) Limited,29,14.094679540094157,6.1059441122198805,2.7049666777850465,11.515877467789974,2.9533581664731736
2024-01-15,2024-01,P2P.org,2,39.908994400325994,8.903473736329579,8.39390448865337,25.69128271363632,3.6938138509806437
2024-01-23,2024-01,Chorus One,3,79.26639499281849,8.760029368367682,13.130090683949117,35.020210736265916,5.369830820029395
2024-01-28,2024-01,Gateway.fm AS,35,0.8033726361715745,0.32421662937551693,0.23688944363060627,0.7979955166367294,2.0226988567005537
2024-01-31,2024-01,Blockscape,5,10.921732037867521,5.663596540231528,2.2447423759315983,10.153081292094726,2.34242270026813
2024-02-08,2024-02,Blockscape,5,13.058716539564056,6.432515232179953,2.2366561507468004,10.905827533673554,2.9625480452914816
2024-02-08,2024-02,Kiln,8,13.197063607509326,7.429615517107332,2.8294964182856246,13.08860835367858,2.0383302318850283
2024-02-08,2024-02,P2P.org,2,8.526049087798196,5.061769472837136,1.583561032929294,8.228891538695724,2.187651465856536
2024-02-09,2024-02,P2P.org,2,8.405623348317592,5.061769472837136,1.583561032929294,8.228891538695724,2.111604040480175
2024-02-10,2024-02,RockawayX Infra,38,13.220056635351725,5.102695222451148,2.214793236514323,9.532281695479794,3.6650651081433723
2024-02-12,2024-02,Chorus One,3,133.94702104150971,12.05530675938558,23.490966734151694,59.03724022768897,5.188876033139803
2024-02-12,2024-02,Kiln,8,13.938224548817397,7.429615517107332,2.8294964182856246,13.08860835367858,2.300271168271559
2024-02-13,2024-02,Attestant (BVI) Limited,29,17.49080212124005,8.293742399026367,3.0759135592491824,14.445569517524731,2.9900254168581535
2024-02-13,2024-02,ParaFi Technologies LLC,37,23.86431587517701,7.388269602523897,6.6501161415106065,20.688501885545108,2.477557672986821
2024-02-15,2024-02,ParaFi Technologies LLC,37,21.836013296039507,7.388269602523897,6.6501161415106065,20.688501885545108,2.1725550931857462
2024-02-19,2024-02,Attestant (BVI) Limited,29,15.27054360115143,8.293742399026367,3.0759135592491824,14.445569517524731,2.2682045732871865
2024-02-21,2024-02,ParaFi Technologies LLC,37,30.29793097325228,7.388269602523897,6.6501161415106065,20.688501885545108,3.4450016936883667
2024-02-25,2024-02,Staking Facilities,0,18.259941668246626,6.485579749537094,3.188001355301267,12.861582460139628,3.6933365474045887
2024-02-26,2024-02,Gateway.fm AS,35,0.6581674893589979,0.21632114080496284,0.1411080503744411,0.49853724155384505,3.131262513949854
2024-03-01,2024-03,Staking Facilities,0,13.270389578393816,6.728794402750233,3.0856969708265365,12.900188344403306,2.119973295333452
2024-03-05,2024-03,ParaFi Technologies LLC,37,16.120863250009997,6.689344706688234,2.7993136494919724,12.287972005672179,3.3692253617358743
2024-03-06,2024-03,P2P.org,2,14.23601769061197,6.805361104453632,3.2146559254588505,13.234672955371334,2.3114935963473937
2024-03-11,2024-03,Blockscape,5,24.98253105620753,8.52094838283032,4.972351125738928,18.465650634308176,3.3106235374580266
2024-03-12,2024-03,P2P.org,2,15.823960191196184,6.805361104453632,3.2146559254588505,13.234672955371334,2.805463258235098
2024-03-12,2024-03,ParaFi Technologies LLC,37,13.833163478390322,6.689344706688234,2.7993136494919724,12.287972005672179,2.5519894039021205
2024-03-13,2024-03,P2P.org,2,14.833888262263795,6.805361104453632,3.2146559254588505,13.234672955371334,2.497476353294076
2024-03-14,2024-03,Chorus One,3,30.52179501861913,8.037118043127062,5.06506835059068,18.167254744308423,4.439165558914904
2024-03-14,2024-03,Gateway.fm AS,35,4.05740373076843,0.4681847160749043,0.7615885878911068,1.9913618918571179,4.7128056693080564
2024-03-18,2024-03,Gateway.fm AS,35,2.061730967865721,0.4681847160749043,0.7615885878911068,1.9913618918571179,2.0923977553333097
2024-03-19,2024-03,RockawayX Infra,38,49.428866521782126,8.741221665487425,8.30729666272729,25.355814990942008,4.897820134298288
2024-03-22,2024-03,Blockscape,5,20.416973951474446,8.52094838283032,4.972351125738928,18.465650634308176,2.3924347391851355
2024-03-28,2024-03,Attestant (BVI) Limited,29,25.7555017478882,8.79736714655202,5.900327438548785,20.59802202364959,2.8741005949166643
2024-03-28,2024-03,Staking Facilities,0,16.46272796020333,6.728794402750233,3.0856969708265365,12.900188344403306,3.154533205781954
2024-03-29,2024-03,Kiln,8,27.22135208633731,8.334508017871029,4.526593939074836,17.387695896020702,4.172418450311992
2024-04-02,2024-04,Chorus One,3,11.008263379016617,4.975706211782938,2.01032833835006,8.996362888483057,3.0007820375177072
2024-04-03,2024-04,ParaFi Technologies LLC,37,32.64624099345411,6.298270129572368,6.354946703163404,19.008163535899175,4.146056937151981
2024-04-05,2024-04,RockawayX Infra,38,13.376224511747678,4.903273121746208,2.374310334212171,9.65189379017055,3.5685947485095335
2024-04-09,2024-04,Chorus One,3,9.768976264241402,4.975706211782938,2.01032833835006,8.996362888483057,2.384321984135414
2024-04-10,2024-04,P2P.org,2,18.53328867974451,5.504658918105857,3.184421411115393,11.873501740336643,4.091364828838772
2024-04-11,2024-04,Kiln,8,48.348022047972805,8.772837065480337,10.378704455331164,29.530245976142666,3.8131141659173204
2024-04-12,2024-04,Blockscape,5,111.6436493956418,8.982361824448285,19.27019711103466,47.5227560465176,5.327464321182618
2024-04-12,2024-04,ParaFi Technologies LLC,37,22.574321737089004,6.298270129572368,6.354946703163404,19.008163535899175,2.5611625663854336
2024-04-13,2024-04,Kiln,8,39.207692783764806,8.772837065480337,10.378704455331164,29.530245976142666,2.9324330266145298
2024-04-13,2024-04,Staking Facilities,0,13.401930592014287,4.993809853344999,2.225209434274324,9.444228721893648,3.7785750002499467
2024-04-15,2024-04,Gateway.fm AS,35,2.090389146158731,0.29511380480411026,0.3933166349952287,1.0817470747945677,4.564453118989994
2024-04-24,2024-04,Attestant (BVI) Limited,29,15.8080736274493,5.00623096991342,3.2052685498940963,11.416768069701613,3.370027343853225
2024-05-03,2024-05,P2P.org,2,9.710416819944742,4.850353807647561,2.4104950008951422,9.671343809437847,2.0162095380792686
2024-05-20,2024-05,Attestant (BVI) Limited,29,23.01599544469103,3.614843439605814,3.870034640278392,11.354912720162599,5.013172699583275
2024-05-20,2024-05,Blockscape,5,11.426722377653514,4.4224060237018,2.8382232512410788,10.098852526183958,2.467852502754642
2024-05-20,2024-05,Chorus One,3,20.606195084399175,5.720621615321275,7.1276025505746885,19.975826716470653,2.0884404487281207
2024-05-20,2024-05,Kiln,8,11.504844921819082,5.1596763184963645,3.0482746887455674,11.2562256959875,2.081560637153043
2024-05-20,2024-05,RockawayX Infra,38,15.970293478770163,4.609413114613197,2.891022628102895,10.391458370818988,3.929709941984106
2024-05-20,2024-05,Staking Facilities,0,8.901427049686738,3.8430029903628955,1.7205937624234549,7.284190515209805,2.9399293254434773
2024-05-23,2024-05,Kiln,8,17.088803973955883,5.1596763184963645,3.0482746887455674,11.2562256959875,3.91340311275183
2024-05-23,2024-05,ParaFi Technologies LLC,37,30.228028429678474,4.4521292867771765,4.9236956233542015,14.29952053348558,5.235071603662985
2024-05-30,2024-05,Blockscape,5,15.46856492922866,4.4224060237018,2.8382232512410788,10.098852526183958,3.8919274235022465
2024-05-30,2024-05,Chorus One,3,38.91549874296291,5.720621615321275,7.1276025505746885,19.975826716470653,4.6572289759570245
2024-06-04,2024-06,Gateway.fm AS,35,6.56101917490723,2.3294882056427513,1.1777370036287191,4.6849622129001895,3.592933699312097
2024-06-04,2024-06,Staking Facilities,0,8.975496802491417,5.065973570565537,1.9348738772771208,8.93572132511978,2.02055714216764
2024-06-05,2024-06,Attestant (BVI) Limited,29,9.614974575803938,3.5404626651946813,2.2564961962516508,8.053455057697983,2.692010702566152
2024-06-06,2024-06,Blockscape,5,7.36922046272698,4.366767256390313,1.4570522364548133,7.280871729299939,2.060635254671448
2024-06-07,2024-06,RockawayX Infra,38,15.243420290859392,4.5649213261231685,2.446796545937999,9.458514417999165,4.3642774396031925
2024-06-11,2024-06,Blockscape,5,8.624526649568221,4.366767256390313,1.4570522364548133,7.280871729299939,2.9221734723372434
2024-06-13,2024-06,ParaFi Technologies LLC,37,10.00720222207844,4.416965921988728,1.8529398625056488,8.122845647000027,3.016955063252988
2024-06-14,2024-06,Kiln,8,30.381018153719157,6.002702824608515,5.093405049964995,16.189512924538505,4.786251061905666
2024-06-24,2024-06,P2P.org,2,15.462668296467427,5.117493305549183,2.470627559020876,10.058748423590934,4.18726608676627
2024-06-24,2024-06,Staking Facilities,0,10.985575399575733,5.065973570565537,1.9348738772771208,8.93572132511978,3.059425163846153
2024-06-28,2024-06,Chorus One,3,51.76635807454859,6.21693790990004,8.60821137327016,23.43336065644036,5.2913919267929
2024-07-01,2024-07,Staking Facilities,0,21.060450340466765,4.34396971463175,3.2133483591840224,10.770666432999795,5.202199935172884
2024-07-04,2024-07,Attestant (BVI) Limited,29,32.271007289879435,3.600209908916418,5.53568999381283,14.671589896542077,5.1792635449253845
2024-07-05,2024-07,Chorus One,3,13.362394383084878,4.781771176639524,2.481387907655947,9.744546991951418,3.457993480169359
2024-07-05,2024-07,Kiln,8,9.017565134610589,4.483420158990091,1.695739032496397,7.8748982239828855,2.6738459684716442
2024-07-11,2024-07,Gateway.fm AS,35,5.82849103741122,2.4341540451088726,1.129468163095623,4.693090371300118,3.005252474756986
2024-07-11,2024-07,P2P.org,2,9.654611676247473,4.19806812345748,1.5831931412431945,7.364454405943869,3.4465431984535186
2024-07-12,2024-07,Blockscape,5,15.643311431228131,4.726352965780989,3.042349274972734,10.811051515726458,3.588331739308591
2024-07-18,2024-07,Blockscape,5,14.498447037781975,4.726352965780989,3.042349274972734,10.811051515726458,3.212022417146225
2024-07-18,2024-07,Gateway.fm AS,35,5.028041511436941,2.4341540451088726,1.129468163095623,4.693090371300118,2.296556513128086
2024-07-18,2024-07,ParaFi Technologies LLC,37,6.567761770575094,3.313345239788589,1.1832671573448026,5.679879554478195,2.7503649624563797
2024-07-18,2024-07,RockawayX Infra,38,16.696402029562588,4.106966741125088,2.5506749849601627,9.208316711045413,4.935726959596981
2024-07-30,2024-07,ParaFi Technologies LLC,37,6.8771386509334445,3.313345239788589,1.1832671573448026,5.679879554478195,3.011824835180793
2024-08-05,2024-08,Attestant (BVI) Limited,29,29.703750759788942,3.5383972185428556,7.786930643001689,19.112258504546233,3.3601626546862273
2024-08-05,2024-08,Blockscape,5,114.18114965625897,6.59304890001854,19.674419248463064,45.941887396944665,5.468425746017639
2024-08-05,2024-08,Chorus One,3,15.501929930244946,3.653241638730342,3.0123207911077023,9.677883220945747,3.933408528896273
2024-08-05,2024-08,Gateway.fm AS,35,85.07517693513013,5.051145165621498,14.63232974508566,34.31580465579282,5.468987725374704
2024-08-05,2024-08,Kiln,8,25.036200285243197,4.428351885522326,4.276231795038313,12.980815475598952,4.819160744193531
2024-08-05,2024-08,P2P.org,2,62.31037267270851,5.7578926194410585,11.133999413677552,28.025891446796162,5.079260196816214
2024-08-05,2024-08,ParaFi Technologies LLC,37,23.832799464426394,3.7886970333973777,4.431270955901359,12.651238945200097,4.523330356121694
2024-08-05,2024-08,RockawayX Infra,38,14.547575166773157,3.842064747451675,2.6644307419414455,9.170926231334565,4.017935332603496
2024-08-05,2024-08,Staking Facilities,0,70.22579060977031,5.886753336935187,12.472638133779435,30.832029604494057,5.158414489600784
2024-08-07,2024-08,Chorus One,3,10.134957861457082,3.653241638730342,3.0123207911077023,9.677883220945747,2.1517350482261413
2024-08-07,2024-08,RockawayX Infra,38,10.311100172443444,3.842064747451675,2.6644307419414455,9.170926231334565,2.4279240301356406
2024-08-15,2024-08,Chorus One,3,9.713183680598137,3.653241638730342,3.0123207911077023,9.677883220945747,2.0117186920319363
2024-08-27,2024-08,ParaFi Technologies LLC,37,13.91320493195226,3.7886970333973777,4.431270955901359,12.651238945200097,2.284786464044031
2024-08-29,2024-08,Attestant (BVI) Limited,29,36.13172308394645,3.5383972185428556,7.786930643001689,19.112258504546233,4.185644814326944
2024-09-02,2024-09,Attestant (BVI) Limited,29,12.713557774259925,3.213359640473369,2.4078240112712064,8.029007663015783,3.9455533665730593
2024-09-05,2024-09,Blockscape,5,16.501341431916813,4.745116621581706,3.003889741150288,10.752896103882282,3.9136672193012196
2024-09-06,2024-09,Blockscape,5,11.667893812455882,4.745116621581706,3.003889741150288,10.752896103882282,2.3046042922411716
2024-09-06,2024-09,Chorus One,3,8.070662948921369,4.122519975100448,1.5052719665221836,7.133063908144815,2.6228768366309274
2024-09-06,2024-09,RockawayX Infra,38,12.77738306717303,4.579653153804193,2.4918810913379366,9.563415336480066,3.2897757207858285
2024-09-14,2024-09,Kiln,8,8.164110056999272,4.315152371004184,1.6690915290327042,7.6533354290695925,2.3060195435930892
2024-09-16,2024-09,RockawayX Infra,38,10.366602956969714,4.579653153804193,2.4918810913379366,9.563415336480066,2.3223218087257935
2024-09-19,2024-09,ParaFi Technologies LLC,37,7.3392670327429945,3.6860509525237592,1.8037671113447522,7.293585175213264,2.0253258068862747
2024-09-20,2024-09,P2P.org,2,15.504839530803846,4.510253369233549,2.819500137599829,10.149253644433207,3.899480625998379
2024-09-20,2024-09,ParaFi Technologies LLC,37,8.028161806280158,3.6860509525237592,1.8037671113447522,7.293585175213264,2.4072458281597395
2024-09-20,2024-09,Staking Facilities,0,8.897305213275366,4.27326354657825,2.1264661965030176,8.526195939584285,2.1745192443225156
2024-09-21,2024-09,Staking Facilities,0,9.164799537780866,4.27326354657825,2.1264661965030176,8.526195939584285,2.300312132516739
2024-09-26,2024-09,Gateway.fm AS,35,11.41040003690767,4.087620921107641,1.9531945136244369,7.994009948356515,3.7491294721136335
2024-09-29,2024-09,P2P.org,2,10.862226819083004,4.510253369233549,2.819500137599829,10.149253644433207,2.2528721900530684
2024-10-01,2024-10,Attestant (BVI) Limited,29,7.855727836072627,2.9696878649887597,1.9843797247946087,6.938447314577977,2.4622505007652165
2024-10-08,2024-10,Attestant (BVI) Limited,29,7.592316687606551,2.9696878649887597,1.9843797247946087,6.938447314577977,2.329508190825852
2024-10-09,2024-10,Attestant (BVI) Limited,29,7.324975268628716,2.9696878649887597,1.9843797247946087,6.938447314577977,2.1947852768404723
2024-10-09,2024-10,Staking Facilities,0,10.348854427833592,4.541837159073613,1.8033830086814508,8.148603176436515,3.2200687490151068
2024-10-11,2024-10,Kiln,8,7.423057980322521,4.361315926698207,1.324729087497387,7.010774101692981,2.311221277256323
2024-10-12,2024-10,Chorus One,3,6.0283409315108045,3.6624843185877993,1.0008287295070089,5.664141777601817,2.36389758124588
2024-10-12,2024-10,ParaFi Technologies LLC,37,7.815350152176312,4.03705658553662,1.3371339831927267,6.711324551922074,2.82566565066136
2024-10-13,2024-10,Gateway.fm AS,35,7.4670381600493485,4.1741676540125505,1.4812979395912145,7.13676353319498,2.2229629961853004
2024-10-14,2024-10,RockawayX Infra,38,8.73577921182574,3.994677768011898,1.4685261156866318,6.931729999385162,3.2284760844018545
2024-10-25,2024-10,P2P.org,2,12.820899908587883,4.840534265780166,2.664319798740294,10.169173863260752,2.9952731825139316
2024-10-28,2024-10,ParaFi Technologies LLC,37,7.311225192915669,4.03705658553662,1.3371339831927267,6.711324551922074,2.448646619212526
2024-10-31,2024-10,P2P.org,2,14.49899621380528,4.840534265780166,2.664319798740294,10.169173863260752,3.6251136040769922
2024-11-06,2024-11,Attestant (BVI) Limited,29,12.928500516487954,3.485643853868109,2.351945507548635,8.189534868965378,4.014913029367702
2024-11-06,2024-11,RockawayX Infra,38,6.936940610553002,3.7562993341609343,1.4078974620629927,6.57209425828692,2.259142701863723
2024-11-07,2024-11,P2P.org,2,9.954228369208753,4.183463653268252,2.052001250061444,8.28746615339114,2.81226179358697
2024-11-08,2024-11,RockawayX Infra,38,6.9849918393669626,3.7562993341609343,1.4078974620629927,6.57209425828692,2.293272480564759
2024-11-11,2024-11,Kiln,8,11.511541747489513,4.79562016733935,2.0475161047645085,8.890652376868367,3.280033580455077
2024-11-12,2024-11,Blockscape,5,9.438569365670237,4.034115447784848,1.7422548768739157,7.5186252015326795,3.101988113003572
2024-11-12,2024-11,Chorus One,3,43.88152981933611,6.581945947000524,7.612685159850515,21.807316266701555,4.899661957525117
2024-11-12,2024-11,P2P.org,2,10.540471924228738,4.183463653268252,2.052001250061444,8.28746615339114,3.0979553598079606
2024-11-13,2024-11,Blockscape,5,9.380054645040921,4.034115447784848,1.7422548768739157,7.5186252015326795,3.0684024870391857
2024-11-13,2024-11,Gateway.fm AS,35,14.635388529067196,4.312269817505992,2.5527796010671344,9.417829019640262,4.043873864882753
2024-11-13,2024-11,Kiln,8,8.972644873314062,4.79562016733935,2.0475161047645085,8.890652376868367,2.0400448603334063
2024-11-13,2024-11,ParaFi Technologies LLC,37,6.793857493366728,3.6375145896964693,1.2166686044404558,6.070851798577381,2.5942503095342517
2024-11-13,2024-11,RockawayX Infra,38,7.676510692841283,3.7562993341609343,1.4078974620629927,6.57209425828692,2.784443799576186
2024-11-26,2024-11,ParaFi Technologies LLC,37,6.10015996528401,3.6375145896964693,1.2166686044404558,6.070851798577381,2.0240888657763203
2024-12-02,2024-12,Kiln,8,7.432785335067043,3.820766611871034,1.7333017193026072,7.287370050476248,2.083894963566587
2024-12-03,2024-12,Blockscape,5,8.379312290637385,3.2489329014757247,1.493469789794682,6.235872481065089,3.435208013057278
2024-12-05,2024-12,Chorus One,3,5.012737136371992,2.8423537469775897,1.0762486929111381,4.994851132799866,2.0166188388333803
2024-12-09,2024-12,Kiln,8,8.014950159644961,3.820766611871034,1.7333017193026072,7.287370050476248,2.4197654113338407
2024-12-09,2024-12,P2P.org,2,8.38142352595892,3.4920870659705683,1.8792598380114387,7.250606741993446,2.6017351944061455
2024-12-10,2024-12,Chorus One,3,5.91258628401732,2.8423537469775897,1.0762486929111381,4.994851132799866,2.8527166232695516
2024-12-10,2024-12,Gateway.fm AS,35,6.148186399208637,3.1662647420079213,1.1374794946822662,5.441223731372453,2.6215168459222733
2024-12-10,2024-12,P2P.org,2,8.865128832426716,3.4920870659705683,1.8792598380114387,7.250606741993446,2.8591265868490527
2024-12-12,2024-12,RockawayX Infra,38,11.788261151776771,3.2873777842166274,1.8818246131466558,7.051027010509939,4.517362196334312
2024-12-16,2024-12,ParaFi Technologies LLC,37,7.700027476997409,3.3071292065081215,1.4115413983441258,6.130212003196373,3.1121285395118985
2024-12-17,2024-12,Staking Facilities,0,5.716394892248623,3.095682955959371,1.2064018683059854,5.508486692571342,2.172337431779033
2024-12-19,2024-12,Attestant (BVI) Limited,29,7.265131106442564,2.2922535320958795,1.5412601415159897,5.374773815127859,3.22650112099528
2024-12-19,2024-12,Blockscape,5,6.544285513233085,3.2489329014757247,1.493469789794682,6.235872481065089,2.2065077139661433
2024-12-20,2024-12,ParaFi Technologies LLC,37,6.5305404056708305,3.3071292065081215,1.4115413983441258,6.130212003196373,2.2836108122256147
2025-01-07,2025-01,Chorus One,3,10.488316455029105,3.3806442348132046,2.317426803228979,8.015497841271163,3.067053600274429
2025-01-07,2025-01,Staking Facilities,0,13.073627578532673,3.5211359310796833,2.418057604746845,8.357251140573373,3.9504814230648044
2025-01-13,2025-01,Kiln,8,66.6744566364235,5.294400945131003,11.354566676223692,28.003534297578387,5.405759413066947
2025-01-16,2025-01,Gateway.fm AS,35,7.5786711780916365,3.4458114096068297,1.8510222862915329,7.1478559821898955,2.2327444672559107
2025-01-18,2025-01,Attestant (BVI) Limited,29,7.090403595703981,2.4950602663346575,1.9364419300678817,6.367944126470421,2.3730860492203005
2025-01-19,2025-01,P2P.org,2,5.92213117894187,3.2452387813075396,1.3299964613864241,5.9052317040803874,2.0127064058831143
2025-01-19,2025-01,RockawayX Infra,38,10.554049495482843,3.571073750829119,2.266671179366114,8.104416109561347,3.0807184598370143
2025-01-20,2025-01,Attestant (BVI) Limited,29,7.066083581511039,2.4950602663346575,1.9364419300678817,6.367944126470421,2.3605269252851517
2025-01-20,2025-01,Chorus One,3,11.405633803727275,3.3806442348132046,2.317426803228979,8.015497841271163,3.4628880436406777
2025-01-20,2025-01,Gateway.fm AS,35,7.752482820777467,3.4458114096068297,1.8510222862915329,7.1478559821898955,2.326644818414868
2025-01-20,2025-01,ParaFi Technologies LLC,37,10.09987283443592,3.2363229235762496,1.9031178108016078,7.042558545179466,3.606476631086066
2025-01-20,2025-01,RockawayX Infra,38,8.771602517328406,3.571073750829119,2.266671179366114,8.104416109561347,2.2943463585898862
2025-01-20,2025-01,Staking Facilities,0,8.565464466101623,3.5211359310796833,2.418057604746845,8.357251140573373,2.0861076779641268
2025-01-23,2025-01,Attestant (BVI) Limited,29,8.372015618196576,2.4950602663346575,1.9364419300678817,6.367944126470421,3.0349246525848064
2025-01-23,2025-01,Blockscape,5,12.399117391799345,3.6743518553813543,2.662932766534248,9.000217388449851,3.2763746971250396
2025-01-23,2025-01,ParaFi Technologies LLC,37,8.717134441064488,3.2363229235762496,1.9031178108016078,7.042558545179466,2.8799118406546143
2025-01-23,2025-01,RockawayX Infra,38,9.184386609018878,3.571073750829119,2.266671179366114,8.104416109561347,2.4764566247141104
2025-01-27,2025-01,Gateway.fm AS,35,7.224724431420856,3.4458114096068297,1.8510222862915329,7.1478559821898955,2.041527565497314
2025-01-31,2025-01,Blockscape,5,12.001292998728047,3.6743518553813543,2.662932766534248,9.000217388449851,3.126981367308058
2025-02-02,2025-02,ParaFi Technologies LLC,37,76.75536757627751,5.425131142805337,13.868958789903397,33.16304872261213,5.1431572848425064
2025-02-03,2025-02,Attestant (BVI) Limited,29,117.06399117533984,6.025878166207828,21.401365807153752,48.82860978051533,5.188365733742831
2025-02-03,2025-02,Blockscape,5,11.221208001116674,3.4859991927770073,2.857114711056413,9.200228614889834,2.7073497533739506
2025-02-03,2025-02,Chorus One,3,12.757575925748474,4.123912161759528,4.032216879305025,12.188345920369578,2.141170483239732
2025-02-03,2025-02,Kiln,8,13.89579358997849,3.108752166450914,2.6477020398648397,8.404156246180593,4.074114557119212
2025-02-03,2025-02,P2P.org,2,14.04478813575145,3.7090102479546383,3.4510412659848475,10.611092779924334,2.994973716968064
2025-02-03,2025-02,RockawayX Infra,38,12.095612923917557,3.2123693674317866,2.6369573587316437,8.486284084895074,3.3687475176915798
2025-02-03,2025-02,Staking Facilities,0,34.20746011042419,3.955290564413031,6.19333333992213,16.34195724425729,4.8846344747837405
2025-02-25,2025-02,Gateway.fm AS,35,33.44142609280924,4.253861592809977,6.473431467127543,17.200724527065063,4.508824206792857
2025-02-26,2025-02,Blockscape,5,12.349173827740465,3.4859991927770073,2.857114711056413,9.200228614889834,3.1021416818389884
2025-02-28,2025-02,Chorus One,3,20.03391244479698,4.123912161759528,4.032216879305025,12.188345920369578,3.9457203715142493
2025-02-28,2025-02,P2P.org,2,16.302885774717808,3.7090102479546383,3.4510412659848475,10.611092779924334,3.6492972862696758
2025-02-28,2025-02,RockawayX Infra,38,10.305327055241612,3.2123693674317866,2.6369573587316437,8.486284084895074,2.6898264639445983
2025-03-02,2025-03,Kiln,8,11.990054639046491,3.3646398317282253,2.810583567331965,8.985806966392154,3.0689053005124527
2025-03-04,2025-03,Attestant (BVI) Limited,29,9.467919433056613,2.142263579385254,2.309325624159141,6.760914827703536,3.172205676425011
2025-03-10,2025-03,Attestant (BVI) Limited,29,7.834253207393906,2.142263579385254,2.309325624159141,6.760914827703536,2.4647843372374947
2025-03-10,2025-03,Blockscape,5,10.483773496121522,3.1609373225453075,2.655573620296177,8.472084563137662,2.757534612337163
2025-03-10,2025-03,Chorus One,3,27.0277668059728,4.301088076175517,5.570662586271604,15.442413248718726,4.07970836104939
2025-03-10,2025-03,Gateway.fm AS,35,14.577279777642627,3.9559723434713288,4.516042282783094,12.988056909037518,2.3519061091752493
2025-03-10,2025-03,P2P.org,2,15.948920927736292,4.26384431416641,4.598050145355513,13.459944604877435,2.541311261116404
2025-03-10,2025-03,ParaFi Technologies LLC,37,44.11421285977885,3.534521049225321,7.4905208527238605,18.51556275467304,5.4174726442150005
2025-03-10,2025-03,Staking Facilities,0,46.92471699134927,4.284931460914689,8.312854776325432,20.910641013565552,5.129379338115038
2025-03-11,2025-03,Blockscape,5,11.306385548698294,3.1609373225453075,2.655573620296177,8.472084563137662,3.067302734105531
2025-03-11,2025-03,Chorus One,3,15.481546607485944,4.301088076175517,5.570662586271604,15.442413248718726,2.0070249020042357
2025-03-11,2025-03,RockawayX Infra,38,30.11795564891888,3.457809661366406,5.148663575740619,13.755136812847644,5.178071084925664
2025-03-19,2025-03,P2P.org,2,20.66288334391819,4.26384431416641,4.598050145355513,13.459944604877435,3.566520266490881
2025-03-29,2025-03,Gateway.fm AS,35,14.680050113881453,3.9559723434713288,4.516042282783094,12.988056909037518,2.3746628350435226
2025-03-30,2025-03,Gateway.fm AS,35,16.460219221227376,3.9559723434713288,4.516042282783094,12.988056909037518,2.768850709265298
2025-04-02,2025-04,Staking Facilities,0,11.323585519425166,2.957862278151069,2.8152007757965762,8.588263829744221,2.9716257942231388
2025-04-06,2025-04,Attestant (BVI) Limited,29,8.229565644858145,2.0622948298894843,2.008927584661525,6.080149999212534,3.0699318691508513
2025-04-06,2025-04,Gateway.fm AS,35,41.44006930038226,4.535295617696591,7.665702790268281,19.86670119823315,4.814271397207939
2025-04-06,2025-04,ParaFi Technologies LLC,37,15.81554376091393,2.7665411710030727,2.784955284102694,8.33645173920846,4.685533970472785
2025-04-07,2025-04,Attestant (BVI) Limited,29,7.615531100370683,2.0622948298894843,2.008927584661525,6.080149999212534,2.764278967983228
2025-04-07,2025-04,Blockscape,5,11.900725332606116,2.797972939485349,2.0883457513860875,6.974664442257524,4.358833965629993
2025-04-07,2025-04,Kiln,8,37.37918703168695,3.8554093922387915,6.510644264576973,16.876697921392736,5.149072238801909
2025-04-07,2025-04,RockawayX Infra,38,38.010219737415156,3.255032376980752,6.515205476677038,16.28544333033483,5.334472947146504
2025-04-07,2025-04,Staking Facilities,0,10.580072478133557,2.957862278151069,2.8152007757965762,8.588263829744221,2.7075192169289393
2025-04-10,2025-04,P2P.org,2,22.52694296886444,3.908495805209171,4.020062373856111,11.948620552921392,4.63138265832332
2025-04-10,2025-04,Staking Facilities,0,9.39953696906835,2.957862278151069,2.8152007757965762,8.588263829744221,2.2881759433639597
2025-04-22,2025-04,Chorus One,3,54.84738047641286,5.714176772940761,10.234288276046765,26.18275332503429,4.800842264573277
2025-05-08,2025-05,Blockscape,5,7.194854280296754,2.4424364074334584,1.5007520029955708,5.4439404134246,3.1666910078262425
2025-05-08,2025-05,Kiln,8,12.910162531275581,2.991289620516955,2.296196525414391,7.583682671345736,4.319696855637644
2025-05-09,2025-05,Attestant (BVI) Limited,29,11.132746561527462,2.279701877346981,3.463278240686956,9.206258358720893,2.556261457763914
2025-05-09,2025-05,Chorus One,3,7.403660220323671,2.3061321704248003,1.2667016144931336,4.8395353994110675,4.024253219207137
2025-05-09,2025-05,P2P.org,2,14.52535325099515,3.3518293723197674,2.789562599963833,8.930954572247433,4.0054752235423035
2025-05-09,2025-05,Staking Facilities,0,13.729406470910533,2.8974115247186214,2.59211906400182,8.081649652722263,4.178818441105491
2025-05-10,2025-05,Gateway.fm AS,35,6.651339025442216,2.81883084883618,1.649400805589601,6.117632460015383,2.323576030530707
2025-05-11,2025-05,Attestant (BVI) Limited,29,18.136922169217893,2.279701877346981,3.463278240686956,9.206258358720893,4.578673496567104
2025-05-11,2025-05,ParaFi Technologies LLC,37,4.037749793596856,2.1130988105403925,0.8965745343068607,3.906247879154114,2.146671480630894
2025-05-11,2025-05,Staking Facilities,0,9.390214970280084,2.8974115247186214,2.59211906400182,8.081649652722263,2.504824541330137
2025-05-16,2025-05,ParaFi Technologies LLC,37,4.067942258141395,2.1130988105403925,0.8965745343068607,3.906247879154114,2.1803468343123154
2025-05-18,2025-05,Gateway.fm AS,35,6.545926963840016,2.81883084883618,1.649400805589601,6.117632460015383,2.2596667240449992
2025-05-18,2025-05,P2P.org,2,9.311038326739062,3.3518293723197674,2.789562599963833,8.930954572247433,2.136252097191351
2025-05-23,2025-05,RockawayX Infra,38,5.809553321739926,2.4072234524320852,1.0704287764479379,4.548081005327961,3.178473845404247
2025-06-10,2025-06,Gateway.fm AS,35,5.47691359819481,2.1381866542725168,1.3246916344616204,4.787569923195758,2.520380484835789
2025-06-10,2025-06,P2P.org,2,3.7397404425283716,1.947563211116779,0.7729547615361743,3.493472734189128,2.3186055906426013
2025-06-11,2025-06,Blockscape,5,8.733057992321333,2.16702418931293,1.5562713609637542,5.279566911240439,4.219080275911681
2025-06-12,2025-06,Gateway.fm AS,35,7.127134972512395,2.1381866542725168,1.3246916344616204,4.787569923195758,3.766120498124441
2025-06-13,2025-06,Attestant (BVI) Limited,29,2.462394629766302,1.0227439093745259,0.5573473036133137,2.1374385166011534,2.5830406123048233
2025-06-13,2025-06,Chorus One,3,4.152718512400023,1.7889287634383577,0.7566492457710031,3.302227254980364,3.124023135122581
2025-06-16,2025-06,Staking Facilities,0,4.12657198011185,2.0809052786533804,0.925827805295512,3.9325608892444044,2.2095541846526414
2025-06-20,2025-06,Blockscape,5,5.333074190664229,2.16702418931293,1.5562713609637542,5.279566911240439,2.034381715660857
2025-06-21,2025-06,Chorus One,3,3.366661614016771,1.7889287634383577,0.7566492457710031,3.302227254980364,2.085157501175793
2025-06-22,2025-06,Kiln,8,30.887196655362168,3.205537872861371,5.460238231487672,14.126014335836715,5.069679674939526
2025-06-22,2025-06,RockawayX Infra,38,6.336390690198249,1.917527641257552,1.061115849617565,4.039759340492682,4.164354957597978
2025-06-30,2025-06,Attestant (BVI) Limited,29,2.5855739718911854,1.0227439093745259,0.5573473036133137,2.1374385166011534,2.804050638416558
2025-07-10,2025-07,Staking Facilities,0,7.199033639393771,1.89301764940898,1.1356830839068006,4.164383817222581,4.672092122506446
2025-07-16,2025-07,Attestant (BVI) Limited,29,2.615126333713699,1.0307808024311564,0.6805959081772459,2.3919726187856485,2.3278798950256623
2025-07-16,2025-07,Gateway.fm AS,35,6.755664742288127,1.9250208228925394,1.0835563708862301,4.092133564665,4.458138080480899
2025-07-16,2025-07,ParaFi Technologies LLC,37,3.182527443361359,1.6056635137803,0.5787272450036163,2.7631180037875325,2.7247100308388035
2025-07-17,2025-07,Blockscape,5,3.4573900400146256,1.930523633196547,0.6789841321014765,3.2884918973995,2.2487512367813087
2025-07-21,2025-07,Chorus One,3,3.0716029094026833,1.525390310841359,0.5639225606642478,2.6532354321698546,2.7418881712056904
2025-07-21,2025-07,RockawayX Infra,38,15.504631395456688,2.1342874977795754,2.5783978917252046,7.291083281229985,5.185523902492421
2025-07-29,2025-07,P2P.org,2,13.993512952654195,2.2430102499600344,2.286215242475853,6.815440734911741,5.139718467614174
2025-08-01,2025-08,RockawayX Infra,38,2.279111488534167,1.1213188893977555,0.501361314684337,2.1240415187664294,2.30929783616307
2025-08-09,2025-08,Gateway.fm AS,35,5.002116872302662,1.6442330710419457,1.6113298137158911,4.866892698473728,2.083920853867337
2025-08-09,2025-08,RockawayX Infra,38,2.432994370659816,1.1213188893977555,0.501361314684337,2.1240415187664294,2.6162279434900295
2025-08-10,2025-08,Blockscape,5,6.557338846471293,1.6814957033733475,1.2091705465640672,4.0998367965014815,4.032386628133604
2025-08-13,2025-08,RockawayX Infra,38,2.452973832904683,1.1213188893977555,0.501361314684337,2.1240415187664294,2.65607837003809
2025-08-13,2025-08,Staking Facilities,0,6.732281564570311,1.5162378749578134,1.0704896264597694,3.6572171278773524,4.872577520309604
2025-08-14,2025-08,Attestant (BVI) Limited,29,4.11916367942115,1.027735149797693,0.9691447466681318,2.9660246431339568,3.189852228216295
2025-08-14,2025-08,Chorus One,3,3.7798498186951868,1.1540749794597511,0.6369697485436447,2.4280144765470406,4.122291278728631
2025-08-14,2025-08,Gateway.fm AS,35,9.340272363549774,1.6442330710419457,1.6113298137158911,4.866892698473728,4.776203622000871
2025-08-14,2025-08,Kiln,8,17.210107971296324,2.1305200998881384,2.911147410930016,7.95281492174817,5.179946510022574
2025-08-14,2025-08,P2P.org,2,19.92767782817512,2.1889133756873367,3.418750687771933,9.026414751231203,5.188668631478503
2025-08-14,2025-08,ParaFi Technologies LLC,37,4.429529665186675,1.3469260513050039,0.7545364146577388,2.8559988806204815,4.085427229221209
2025-08-15,2025-08,Attestant (BVI) Limited,29,4.431017766564894,1.027735149797693,0.9691447466681318,2.9660246431339568,3.5116350044381974
2025-08-17,2025-08,Blockscape,5,5.086275486887881,1.6814957033733475,1.2091705465640672,4.0998367965014815,2.81579781544417
